No,country,year,PFBA,PFPeA,PFBS,PFOA,PFOS
0,South Africa,2022,118,0.884,152,0.9,16.1
1,South Africa,2022,37.795,5.23,178,22.3,12.8
2,South Africa,2022,20.2,0.724,115,473,68
3,South Africa,2022,5.95,0.69,8.97,0.433,2.74
4,South Africa,2022,53.7,1.09,10.9,50.3,52.1
5,South Africa,2022,123,16.7,67.5,220,408
6,South Africa,2022,24.9,0.55,162,834,99.3
7,South Africa,2022,183,6.04,85.3,4.47,126
8,USA,2023,13.4,5.2,7.9,18.9,19.4
9,USA,2023,0.6,29.8,5.3,9.8,6.9
10,USA,2023,14.7,4.1,3.7,5.3,8.6
11,USA,2022,1.6,13.2,5,17.8,26.1
12,USA,2022,3.8,3.3,7.8,8.1,9.8
13,USA,2021,1.8,6.8,4.9,6.1,9.1
14,USA,2021,4.2,4.7,3.5,6.2,10.9
15,USA,2023,1.3,1.9,7.3,14.6,14.9
16,Canada,2021,6.7,5.8,2.3,4.1,6.2
17,Canada,2018,6.3,4.2,2.5,3.3,6.9
18,Sweden,2015,5.5,3.3,3.2,5.1,1.1
19,China,2014,0.45,2.1,14.4,3.04,6.45
20,Sweden,2015,5.5,3.3,3.2,5.1,1.1
21,Italy,2022,0.82,10.99,2.1,1.43,1.87
22,China,2014,0.95,1.76,1.29,3.73,7.5
23,Italy,2022,2.38,30.04,1.25,1.67,3.22
24,China,2014,1.02,1.49,195,12.4,11.4
25,China,2010,32.4,89.2,36.4,45,37.3
26,Australia,2017,8.12,4.75,4.73,7.92,17
27,China,2010,32.4,89.2,36.4,45,37.3
28,Italy,2021,1.85,6.28,5.88,3.81,6.44
29,China,2010,32.4,89.2,36.4,45,37.3
30,Italy,2022,0.76,1.91,1.73,1.04,1.83
31,Spain,2010,20.5,7.76,12,19,118
32,Spain,2011,53.7,9.35,19.1,22.4,78.1
33,Italy,2022,0.76,1.91,1.73,1.04,1.83
34,Italy,2021,1.74,5.32,3.21,1.82,3.77
35,Italy,2022,3.78,13.65,2.36,2.5,2.47
36,Italy,2022,3.78,13.65,2.36,2.5,2.47
37,Italy,2022,2.38,30.04,1.25,1.67,3.22
38,Italy,2022,2.28,13.9,1.15,2,2.33
39,Italy,2022,3.12,9.17,11.7,3.24,3.42
40,Italy,2022,3.12,9.17,11.7,3.24,3.42
41,China,2010,265,1520,41.6,363,55
42,China,2009,5.4,0.05,0.05,10.1,8.1
43,China,2009,3.1,0.05,0.05,15.3,5.2
44,China,2009,7.2,3.3,8.8,8.6,2.9
45,China,2009,1.4,0.05,0.05,3.3,3
46,China,2009,1.2,0.05,0.05,4.4,4.7
47,China,2009,1,0.05,0.05,3.1,1.4
48,China,2009,2.7,0.05,0.05,45.7,1
49,China,2009,13.7,0.05,25.7,6.9,5.7
50,China,2009,13.7,0.05,28.5,6.2,2.1
51,China,2009,2.4,0.05,0.05,12.2,2.1
52,China,2009,4.6,0.05,0.05,10.9,4.7
53,China,2009,1.1,0.05,0.05,5.3,3.5
54,China,2009,14.1,0.05,0.05,8.9,17.5
55,China,2009,3,5.4,2.3,7,3.1
56,China,2009,1.4,0.05,0.05,5.6,32.1
57,China,2009,5.2,14.2,5.7,15.3,20.9
58,China,2009,3.1,0.05,6.7,9.6,11.5
59,China,2009,4.1,0.05,0.05,13.8,13.9
60,China,2009,18.5,7.6,6.2,58.2,6.8
61,China,2009,17.7,7.2,5.8,90.6,6.8
62,China,2009,3.9,0.05,0.05,7.9,1.2
63,China,2009,4,0.05,2,6.7,10
64,China,2009,3.7,0.05,0.05,4.6,0.05
65,China,2009,0.05,0.05,0.05,2.9,1.2
66,China,2009,0.8,0.05,0.05,5.3,0.05
67,China,2009,4.5,0.05,0.05,1.5,0.05
68,China,2009,0.05,0.05,0.05,4.3,1.4
69,China,2009,2.3,0.05,0.05,3.6,1
70,Italy,2022,2.28,13.9,1.15,2,2.33
71,USA,2020,3,32,124,84,4
72,USA,2020,13,7,10,61,7
73,China,2019,86.99,40.57,40.93,459.36,15.14
74,China,2019,246.14,149.19,860.45,1251.69,19.75
75,China,2019,75.25,66.3,13.71,736.51,79.46
76,China,2019,117.43,43.91,7.5,140.14,6.69
77,China,2019,90.1,55.06,85.2,170.59,34.47
78,China,2019,250.72,233.15,42.25,1189.38,29.35
79,China,2019,205.86,151.14,2523.46,1338.5,36.4
80,China,2019,129.63,84.15,49.37,2813.69,71.58
81,China,2019,169.52,59.17,1591.4,420.11,517.54
82,China,2019,183.59,42.47,160.07,487.14,17.86
83,China,2019,54.01,7.59,7.29,223.72,24.83
84,China,2019,19.34,7.06,12.72,119.43,8.2
85,China,2019,203.67,6.04,20.7,250.33,7.73
86,China,NR,86.5,6.62,69.4,27.7,4.55
87,China,2014,34.8,12.8,17,42.8,19.1
88,China,NR,202,7.76,58.8,37.6,1.53
89,Canada,2010,20,5.9,21,12,1300
90,USA,2019,4.71,5.66,1.92,4.85,6.36
91,USA,2019,10.5,22.2,5.82,11.1,10.3
92,USA,2019,5.86,4.78,2.14,3.13,5.18
93,USA,2019,6.01,3.42,3.83,4.5,8.06
94,Australia,2019,20,15,1.4,8.2,19
95,Italy,2022,0.82,10.99,2.1,1.43,1.87
96,USA,2019,19.6,6.33,12.3,15.9,14.9
97,Australia,2017,3.6,4.4,9.6,5.8,92
98,Australia,2017,8.5,6.5,20,4.5,7.5
99,Australia,2017,7.6,6,5.2,5.4,3.8
100,Australia,2016,3.5,5.8,3.5,7.8,9.3
101,Australia,2016,9.7,5.5,10,5.8,8.9
102,Australia,2016,5.2,5.7,2.3,4,8.8
103,Australia,2015,5,3.5,4.2,3.2,8
104,Australia,2015,5.4,4.3,2.4,3.6,3.9
105,Australia,2014,8.3,5.4,7.1,6.3,18
106,Australia,2017,9.1,14,2.6,9.7,18
107,Australia,2017,15,13,2.6,8,4.7
108,Australia,2017,17,15,3.6,9.3,7.7
109,Australia,2016,12,11,6.5,12,6.6
110,Australia,2016,9.8,10,3.2,9.5,8.2
111,Australia,2016,7.3,9.5,2.9,7.7,5
112,Australia,2015,19,9.4,9.2,5.2,5.1
113,Australia,2015,13,8.3,6.5,13,5.1
114,Australia,2014,15.5,9.7,6.5,13,14
115,Italy,2021,1.66,21.37,2.71,2.65,1.32
116,Italy,2021,1.87,18.38,2.89,2.29,1.26
117,Italy,2021,5.56,5.56,3.97,7.55,13.1
118,Italy,2022,3.14,11.81,6.49,3.79,1.18
119,Italy,2022,3.11,18.34,1.21,1.04,2.61
120,USA,2021,4.2,4.7,3.5,6.2,11
121,USA,2021,4.3,5.2,4.4,6.1,5.9
122,USA,2020,4.6,6,3.1,7,6.3
123,USA,2021,1.8,6.8,4.9,6.2,7.5
124,USA,2021,5,12.5,6,7.7,6.1
125,USA,2020,5,12.1,3.5,9.4,6.5
126,Italy,2021,1.74,5.32,3.21,1.82,3.77
127,South Korea,2018,745,233,23.7,7.75,142
128,South Korea,2018,92.7,120,105,30.5,9.15
129,Australia,2017,8.12,4.75,4.73,7.92,17
130,Belgium,2020,20,129,3.8,4.3,6.6
131,Belgium,2017,18,91,6,5.1,18
132,Belgium,2017,25,170,2.5,4.3,14
133,Belgium,2020,58,295,15,2.4,4.8
134,Belgium,2020,30,32,8.7,8,2.8
135,Belgium,2020,12,14,8.3,5.7,3.8
136,Belgium,2020,3,7.1,4.8,4.4,4.9
137,Belgium,2020,8,37,2.7,3.2,3
138,Belgium,2020,4.6,3.4,12,3.4,8.2
139,Belgium,2020,14,14,9.3,8.1,9.3
140,Belgium,2020,11,6.9,19,6.5,3
141,Belgium,2020,38,110,23,12,12
142,Belgium,2020,108,196,6.2,2726,7.8
143,Belgium,2020,4,8.6,4.4,11,9.5
144,Belgium,2020,68,111,7.2,7.1,7.4
145,Belgium,2020,25,27,5.9,18,6
146,Belgium,2020,61,7.9,18,7.4,4.7
147,Belgium,2020,17,28,7.1,24,101
148,Australia,2017,8.12,4.75,4.73,7.92,17
149,USA,2019,5.9,4.9,1.8,3.6,21
150,USA,2019,5.6,6.6,6.8,5.3,20
151,USA,2019,1.7,2.2,3.4,1.2,3.9
152,USA,2019,37.3,19.7,89.5,29.9,11.7
153,USA,2019,8.22,9.33,6.54,17.2,40.5
154,USA,2019,16,5.4,4.5,5.1,20
155,USA,2019,25,54,14,47,20
156,USA,2019,12.11,8.32,15.95,8.09,15.245
157,Canada,2010,4.69,1.75,2.72,7.08,10.6
158,Canada,2010,81.4,179,39.5,127,347
159,Canada,2010,69.6,170,32.7,107,905
160,Canada,2010,8.54,3.86,41.7,6.45,218
161,Canada,2010,6.31,3.71,30.2,9.72,37.1
162,Canada,2010,5.15,5.23,2.29,15.4,9.61
163,Canada,2010,14.2,6.19,23.7,8.79,5.24
164,Canada,2010,17.5,9.69,16.5,9.55,4.53
165,Canada,2010,3.3,4.45,1.61,4.35,2.34
166,Australia,2010,13,7.8,3.4,9.2,6.4
167,Australia,2010,8.2,12,1.3,6.6,3.5
168,Australia,2011,4.9,12,5.3,13,44
169,Italy,2021,1.85,6.28,5.88,3.81,6.44
170,Sweden,2015,5.5,3.3,3.2,5.1,1.1
171,Australia,2019,8.12,4.75,4.73,7.92,17
172,Australia,2019,0.18819,0.112135,10.929,6.3217,7.6733
173,Australia,2019,0.1836,0.1094,8.0276,6.7162,10.5858
174,Australia,2019,0.19737,1.5507,5.1763,6.9524,9.7753
175,Australia,2019,0.18819,1.1229,0.19147,4.3297,7.5586
176,Australia,2019,0.18819,1.983,0.19147,4.9438,10.4502
177,Australia,2019,13.0981,1.025,0.18213,3.8393,0.082485
178,Australia,2019,0.18819,0,0.19147,4.7467,6.8575
179,Australia,2019,0.18819,0.112135,3.1709,4.4224,7.2285
180,Australia,2019,0.18819,0.112135,0.19147,4.1806,0.086715
181,Australia,2019,0.18819,2.7732,0.19147,4.0319,0.086715
182,Australia,2019,0.1836,2.8203,0.1868,4.0842,6.3719
183,Australia,2019,2.7993,4.2934,0.1868,3.9763,0.0846
184,Australia,2019,3.1055,3.5107,0.19147,0,6.8862
185,Australia,2019,4.3737,2.5901,0,4.4594,0.0846
186,Australia,2019,2.3828,0.11487,3.7428,4.0789,5.9671
187,Australia,2019,71.0309,6.0972,0.18213,15.8915,9.5471
188,Australia,2019,0.1836,0.1094,0.1868,42.4815,13.3372
189,Australia,2019,0,8.4207,0.1868,43.0818,11.9357
190,Australia,2019,0.17901,0,0.18213,31.9588,11.1871
191,Australia,2019,7.5237,0,0.1868,24.9199,0.0846
192,Australia,2019,0.18819,0.112135,0.19147,15.4864,7.0562
193,Australia,2019,25.9402,1.9508,0.1868,10.7032,7.903
194,Australia,2019,0.18819,0.112135,0.19147,25.408,8.3595
195,Australia,2019,0.1836,3.348,0.1868,14.0229,8.5116
196,Australia,2019,0.1836,0.1094,0.1868,20.5279,10.127
197,Australia,2019,32.6138,0.1094,0.1868,8.5331,11.0574
198,Australia,2019,22.5743,127.9811,0.19147,4.6802,6.6847
199,Australia,2019,0.1836,0,0.1868,5.449,7.2549
200,Australia,2019,0.1836,0.1094,7.4715,13.1976,8.4477
201,Australia,2019,11.0595,0.112135,0.19147,25.8886,8.9696
202,Australia,2019,20.2837,4.1564,0.1868,17.7875,8.5594
203,Australia,2019,0.1836,0.1094,0.1868,16.7716,8.2372
204,Australia,2019,0.1836,0.1094,0.1868,32.6898,12.2791
205,Australia,2019,19.5454,2.7645,0.19147,13.957,7.3413
206,Australia,2019,0.18819,80.5493,11.3081,4.4884,8.4495
207,Australia,2019,0.18819,38.9344,0.19147,11.8378,7.0511
208,Australia,2019,20.2896,39.3577,0,5.1402,7.334
209,Australia,2019,21.8139,0.1094,7.0942,11.0342,7.1806
210,Australia,2019,20.4042,1.2759,0.1868,8.0213,7.2864
211,Australia,2019,23.9774,0,0.1868,28.4073,7.3223
212,Australia,2019,31.1753,0.1094,12.1926,11.9096,7.1485
213,Australia,2019,47.3253,0,12.9498,7.5311,7.9164
214,Australia,2019,15.6477,2.8237,16.3243,18.9333,9.2442
215,Australia,2019,29.8723,0,0.1868,12.2051,9.1997
216,Australia,2019,21.1054,0.106665,0.18213,5.3821,6.5234
217,Australia,2019,26.2832,2.6518,0.1868,23.2676,7.0122
218,Australia,2019,31.1627,156.5995,0.19147,4.1591,0.086715
219,Australia,2019,27.5161,168.0383,13.8461,4.1472,0.0846
220,Australia,2019,30.1713,97.0831,8.9697,4.9394,8.8559
221,Australia,2019,0.1836,86.6006,8.4041,5.0644,6.6915
222,Australia,2019,26.7242,151.5143,0.19147,3.9081,0.086715
223,Australia,2019,22.2432,124.0334,6.0219,4.291,7.8828
224,Australia,2019,0,90.09,0.19147,4.5475,0.086715
225,Australia,2019,23.1054,151.9668,0.1868,5.1498,0.0846
226,Australia,2019,0.18819,107.1574,0.19147,4.7822,0.086715
227,Australia,2019,0.1836,101.1964,0.1868,4.132,0.0846
228,Australia,2019,26.6561,111.4626,0,3.7899,7.7219
229,Australia,2019,19.2892,99.0251,0.1868,3.9306,0.0846
230,Australia,2019,0.1836,79.8929,0.1868,3.9164,6.6156
231,Australia,2019,0.1836,36.7173,0,4.4625,4.886
232,Australia,2019,18.8885,115.069,0,3.6956,0.0846
233,Australia,2019,0.1836,81.9343,5.1489,3.9248,5.5085
234,Australia,2019,24.5138,2.3543,2.6745,29.8577,5.8675
235,Australia,2019,99.4188,0,0.1868,8.3178,5.565
236,Australia,2019,27.1791,0.1094,15.4639,16.0601,8.8132
237,Australia,2019,29.4336,0.112135,20.4485,17.1306,9.4594
238,Australia,2019,34.293,0.1094,16.8216,18.3658,8.3235
239,Australia,2019,36.1465,0.112135,10.1576,22.4564,7.304
240,Australia,2019,37.5294,3.1107,0,8.8299,5.9889
241,Australia,2019,32.3334,150.3312,0,4.5415,6.928
242,Australia,2019,22.3488,133.5744,0.1868,4.152,0.0846
243,Australia,2019,23.0232,0.1094,0.1868,8.0754,6.7174
244,Australia,2019,20.1085,2.6639,0.1868,6.1949,5.5501
245,Australia,2019,22.1104,97.0906,0.1868,4.2422,6.0117
246,Australia,2019,31.9648,100.8339,0.1868,4.0916,6.0729
247,Australia,2019,22.5736,1.9682,0,11.0555,5.8339
248,Australia,2019,33.1612,33.6002,0.19147,6.5522,5.7416
249,Australia,2019,0,16.0626,0,11.7675,6.0844
250,Australia,2019,23.1591,2.1807,0.1868,10.1808,6.1072
251,Australia,2019,0.1836,3.3203,0,30.9394,5.9204
252,Australia,2019,25.6882,2.2017,0.1868,13.6247,5.0761
253,Australia,2019,0.1836,0,0.1868,29.6311,5.3489
254,Australia,2019,0,2.1645,0.1868,21.0924,4.7363
255,Australia,2019,23.8786,0.1094,0.9806,29.6418,4.7033
256,Australia,2019,3.8251,0,0.1868,0.0968,0.0846
257,Australia,2019,186.0124,0.112135,0,4.2681,0.086715
258,Australia,2019,3.7025,0.6384,0.1868,3.725,0.0846
259,Australia,2019,38.6993,7.0544,0.19147,5.0528,6.6649
260,Australia,2019,0,0.1094,0,4.72,0.0846
261,Australia,2019,3.7982,3.0174,0.1868,4.9204,0.0846
262,Australia,2019,0.1836,0.1094,0.1868,4.0305,0.0846
263,Australia,2019,170.2452,0.106665,0.18213,3.6517,0.082485
264,Australia,2019,13.5575,0.1094,0.1868,3.9868,0.0846
265,Australia,2019,0.18819,2.7907,0.19147,4.7237,0.086715
266,Australia,2019,47.8485,5.2229,0.1868,4.9123,10.6306
267,Australia,2019,58.9175,0.106665,0.18213,4.0382,0.082485
268,Australia,2019,53.2633,0.112135,4.4029,0.09922,0.086715
269,Australia,2019,38.7864,5.0087,0.1868,4.2667,8.7158
270,Australia,2019,15.5529,0,0.1868,4.068,7.4756
271,Australia,2019,5.942,0.1094,0.1868,4.4682,10.1277
272,Australia,2019,6.6656,0.106665,0,5.8816,64.5849
273,Australia,2019,0.18819,0.112135,3.4557,5.4228,47.3945
274,Australia,2019,16.6893,0,0.1868,0.0968,45.5461
275,Australia,2019,28.3131,2.5733,0,5.7735,33.6656
276,Australia,2019,8.7008,0.1094,0.1868,5.4549,33.0222
277,Australia,2019,4.391,0.112135,0.19147,5.2273,30.7481
278,Australia,2019,0.1836,0.1094,0.1868,5.9332,27.4283
279,Australia,2019,7.759,0.106665,0.18213,5.7122,32.3309
280,Australia,2019,7.3788,0.112135,0.19147,6.0807,32.8762
281,Australia,2019,29.4891,0.1094,0.1868,5.9592,32.6794
282,Australia,2019,15.8556,0.1094,0.1868,5.8798,32.8088
283,Australia,2019,9.0721,0.1094,0.1868,6.726,0.0846
284,Australia,2019,29.2747,7.7945,0.1868,6.7433,34.3244
285,Australia,2019,8.6907,0.1094,0.1868,6.4621,31.7027
286,Australia,2019,4.9368,0,0.1868,8.7438,398.1029
287,Australia,2019,6.8449,0.112135,3.8646,7.2182,254.9323
288,Australia,2019,0,5.3705,0.1868,5.9268,84.0248
289,Australia,2019,0.1836,2.8553,0.1868,4.8422,70.5159
290,Australia,2019,0.1836,0.1094,0.1868,4.6146,51.1995
291,Australia,2019,9.9238,0,0.19147,4.4532,42.0588
292,Australia,2019,4.26,6.1436,0.1868,4.2421,40.8531
293,Australia,2019,8.08,3.8787,0,4.6275,33.4848
294,Australia,2019,4.318,0.1094,0.1868,0.0968,29.2203
295,Australia,2019,19.5431,0.1094,0.1868,4.272,33.0586
296,Australia,2019,5.3427,6.7998,0.1868,4.4985,36.4389
297,Australia,2019,47.0365,8.3679,0.1868,4.6911,39.2395
298,Australia,2019,279.8212,0.1094,0.1868,4.8651,28.8899
299,Australia,2019,0.1836,0.1094,0.1868,6.9477,339.0509
300,Australia,2019,33.9652,0,0.1868,4.442,88.8706
301,Australia,2019,27.5187,0,0.1868,4.0909,48.9418
302,Australia,2019,8.8407,4.0413,0.19147,3.9688,46.0316
303,Australia,2019,0.17901,0,0.18213,19.382,33.1485
304,Australia,2019,42.6974,0.1094,0.1868,13.3363,28.6656
305,Australia,2019,138.0949,0.1094,0.1868,9.502,25.1787
306,Australia,2019,7.1307,0,0.1868,7.5227,0.0846
307,Australia,2019,33.0091,0,0.18213,7.332,24.5106
308,Australia,2019,22.9937,0,0,7.1391,21.9533
309,Australia,2019,48.1718,0.112135,0.19147,6.3864,17.6703
310,Australia,2019,4.8787,0.1094,0.1868,5.8238,17.6509
311,Australia,2019,93.3599,0,0.1868,5.9644,18.8648
312,Australia,2019,33.8519,1.781,0.1868,5.8766,17.1018
313,Australia,2019,36.6221,0.1094,6.2451,7.6392,16.1813
314,Australia,2019,0.1836,2.6631,0.1868,6.4794,16.73
315,Australia,2019,0,0.1094,0.1868,4.7908,15.6417
316,Australia,2019,37.3958,0.1094,0.1868,4.54,13.3216
317,Australia,2019,2.8014,0.1094,0.1868,4.0606,12.1733
318,Australia,2019,0.18819,0.112135,0.19147,3.9877,12.7663
319,Australia,2019,0.1836,0.1094,0.1868,4.133,11.8564
320,Australia,2019,19.8152,0,0.1868,4.2347,12.0387
321,Australia,2019,112.1877,0.1094,0.1868,3.5144,11.0226
322,Australia,2019,32.7905,0.1094,0.1868,3.2369,10.934
323,Australia,2019,0,2.0371,0.19147,4.129,11.7777
324,Australia,2019,3.0475,0.1094,0.1868,4.0263,10.9296
325,Australia,2019,0.1836,3.1965,0.1868,4.0456,9.5526
326,Australia,2019,4.7194,1.8604,0.1868,4.1245,10.3429
327,Australia,2019,7.7093,2.4436,0.1868,4.1012,9.6147
328,Australia,2019,3.5623,0,0.1868,4.037,0.0846
329,Australia,2019,0.1836,2.9551,0.1868,3.5293,0.0846
330,Australia,2019,0,2.91,0.1868,4.0564,0.0846
331,Australia,2019,2.692,0.112135,0.19147,3.2421,10.7585
332,Australia,2019,17.7998,2.5664,0.1868,3.3858,10.0239
333,Australia,2019,43.2416,0.1094,0.1868,4.5603,17.4832
334,Australia,2019,21.467,1.3501,0.1868,3.8571,20.1766
335,Australia,2019,3.2633,0.1094,0.1868,4.0916,21.0807
336,Australia,2019,249.1729,2.0602,0.1868,4.2881,20.9939
337,Australia,2019,22.9254,2.2921,0.1868,4.0129,16.0979
338,Australia,2019,3.9679,1.5291,0,4.1552,15.6344
339,Australia,2019,37.3564,2.0389,0.1868,4.3588,16.0442
340,Australia,2019,37.801,0.106665,0,4.7835,12.9125
341,Australia,2019,36.538,0.1094,0.1868,4.1095,13.0748
342,Australia,2019,0,0.1094,0,4.7191,13.7101
343,Australia,2019,0.1836,4.6155,0.1868,3.9876,11.625
344,Australia,2019,26.6724,2.5547,0.1868,3.576,11.3582
345,Australia,2019,38.7372,0.106665,0,4.2512,11.632
346,Australia,2019,38.5379,0.112135,0.19147,3.7481,0.086715
347,Australia,2019,13.1522,0.1094,0.1868,3.685,10.9786
348,Australia,2019,7.0288,2.0255,0.1868,3.4044,10.4238
349,Sweden,2023,35,0.5,4.1,4.6,9
350,USA,2020,5,12.1,3.5,9.4,6.5
351,USA,2020,4.6,6,3.1,7,6.3
352,USA,2021,5,12.5,6,7.7,6.1
353,USA,2021,4.3,5.2,4.4,6.1,5.9
354,USA,2021,1.8,6.8,4.9,6.2,7.5
355,USA,2021,4.2,4.7,3.5,6.2,11
356,USA,2022,3.83,4.64,3.32,1.52,9.47
357,USA,2023,5.71,5.35,4.52,1.71,7.87
358,USA,2022,19.96,6.59,4.57,2.72,6.09
359,USA,2023,19.63,3.7,8.94,3.43,4.03
360,USA,2022,15.8,13,4.06,9.94,0.25
361,USA,2023,10.69,9.9,10.02,6.3,0.25
362,review,2014-2024,0,0,0,4.81,20.15
363,review,2014-2024,8.12,4.75,4.73,7.92,17
364,review,2014-2024,0,5.7,8.4,7.4,16
365,review,2014-2024,85.7,2.88,64.8,16.6,11.7
366,review,2014-2024,1.83,3.67,1.67,4,1.23
367,review,2014-2024,151.02,27.32,65.01,53.52,17.47
368,review,2014-2024,420.68,126.92,53.42,95.83,38.3
369,review,2014-2024,0,0,16.92,100.66,17.3
370,review,2014-2024,3.8,9.63,0,7.43,246.97
371,review,2014-2024,3.09,0,3.33,0,6.91
372,review,2014-2024,20,15,1.4,8.2,19
373,review,2014-2024,499.83,528.38,2855.7,436.46,48.68
374,review,2014-2024,0,0,0,132,180
375,review,2014-2024,113.63,59.11,321.4,597.32,67.38
376,review,2014-2024,28.85,13.18,5.88,58.25,95.53
377,review,2014-2024,26.56,60.99,8.79,150.84,13.08
378,review,2014-2024,148.7,804.6,39,204,46.15
379,review,2014-2024,0,0.7,4.6,2.85,4.7
380,review,2014-2024,4.15,7.88,4.23,7.1,7.22
381,review,2014-2024,2444.38,12199.38,3402.5,2684.38,2943.13
382,review,2014-2024,13,2.8,0,13,5.6
383,review,2014-2024,22.55,26.57,9.45,15.52,13.28
384,review,2014-2024,19.6,6.33,12.3,15.9,14.9
385,review,2014-2024,0,0,0,1.25,0
386,review,2014-2024,1.41,38.4,0,253,94.1
387,review,2014-2024,9.69,8.17,5.99,7.49,13.03
388,review,2014-2024,8.2,12,1.3,6.6,3.5
389,review,2014-2024,0,0,6.82,0.63,12.5
390,review,2014-2024,23.8,2.88,2.8,6.15,3.43
391,review,2014-2024,418.85,176.5,64.35,19.13,75.58
392,review,2014-2024,144.25,7.19,64.1,32.65,3.04
393,China,2020,203.67,6.05,20.7,250.33,7.73
394,China,2020,19.34,7.07,12.72,119.43,8.2
395,China,2020,54.02,7.6,7.29,223.72,24.83
396,China,2020,183.6,42.47,160.07,487.14,17.86
397,China,2020,169.52,59.17,1591.4,420.11,517.54
398,China,2020,33.95,0.25,1.21,118.58,4.61
399,China,2020,129.63,84.15,49.37,2813.69,71.58
400,China,2020,205.86,151.14,2523.46,1338.5,36.4
401,China,2020,16.36,0.25,40.09,246.22,247.55
402,China,2020,250.72,233.15,42.25,1189.38,29.35
403,China,2020,90.11,55.06,85.2,170.59,34.47
404,China,2020,117.43,43.91,7.5,140.14,6.69
405,China,2020,24.56,0.25,1.19,88.57,5.63
406,China,2020,75.26,66.3,13.71,736.51,79.46
407,China,2020,24.5,0.25,6.18,100.42,18.6
408,China,2020,246.14,149.19,860.45,1251.69,19.75
409,China,2020,86.99,40.58,40.93,459.36,15.15
410,present study,2025,44.7154031,0.5,34.49493389,6.014002768,10.08746569
411,present study,2025,84.35045709,4.665956714,20.50484054,5.789574577,12.04348776
412,present study,2025,61.12804659,4.913495102,14.61978101,7.518839598,12.72257847
413,present study,2025,50.34275294,16.41387683,131.9386857,6.461653704,8.022804422
414,present study,2025,34.83337263,13.03294044,104.727618,4.982160687,7.429068887
415,present study,2025,44.10240134,15.32998296,114.1404001,5.957417912,8.695978614
416,present study,2025,28.35848312,8.649888504,25.07126754,7.205813804,6.768537803
417,present study,2025,27.16514465,10.27058176,33.10099349,8.204429617,9.078289359
418,present study,2025,18.77811804,11.38412324,34.7202957,8.711076033,12.29665646
419,present study,2025,38.84288781,10.02218701,38.45493994,11.19757779,44.95422621
420,present study,2025,37.33769117,9.805888888,26.97647718,9.831733869,35.08072367
421,present study,2025,26.72032098,11.33440823,29.6726886,10.11026172,34.40662061
422,present study,2025,47.24687061,11.81467037,24.33453331,10.72534882,12.18469315
423,present study,2025,37.19486677,8.013535911,22.99125685,8.108732084,7.357642055
424,present study,2025,45.01605954,9.890000564,15.10512686,9.148625052,9.26694796
425,present study,2025,106.8089555,8.954889589,20.47629929,7.484198158,17.86942914
426,present study,2025,126.6079001,10.30439168,21.71378391,8.025672599,19.80390356
427,present study,2025,95.09856538,7.680440325,19.2368683,8.068613305,15.22194528
